FirstName,LastName,Email,Pledge,Lifetime,Status,Twitter,Street,City,State,Zip,Country,Start,MaxAmount
5 + Reward,Description Tantusar will say your name in every video you support!,,,[REDACTED],[REDACTED],[REDACTED],[REDACTED],[REDACTED],[REDACTED],[REDACTED],[REDACTED],[REDACTED],[REDACTED]
Fake,Patronson,[EMAIL REDACTED],20,[REDACTED],[REDACTED],[REDACTED],[REDACTED],[REDACTED],[REDACTED],[REDACTED],[REDACTED],[REDACTED],[REDACTED]
Fake,Patronson,[EMAIL REDACTED],10,[REDACTED],[REDACTED],[REDACTED],[REDACTED],[REDACTED],[REDACTED],[REDACTED],[REDACTED],[REDACTED],[REDACTED]
Fake,Patronson,[EMAIL REDACTED],5,[REDACTED],[REDACTED],[REDACTED],[REDACTED],[REDACTED],[REDACTED],[REDACTED],[REDACTED],[REDACTED],[REDACTED]
Fake,Patronson,[EMAIL REDACTED],5,[REDACTED],[REDACTED],[REDACTED],[REDACTED],[REDACTED],[REDACTED],[REDACTED],[REDACTED],[REDACTED],[REDACTED]
Fake,Patronson,[EMAIL REDACTED],5,[REDACTED],[REDACTED],[REDACTED],[REDACTED],[REDACTED],[REDACTED],[REDACTED],[REDACTED],[REDACTED],[REDACTED]
Fake,Patronson,[EMAIL REDACTED],5,[REDACTED],[REDACTED],[REDACTED],[REDACTED],[REDACTED],[REDACTED],[REDACTED],[REDACTED],[REDACTED],[REDACTED]
Fake,Patronson,[EMAIL REDACTED],5,[REDACTED],[REDACTED],[REDACTED],[REDACTED],[REDACTED],[REDACTED],[REDACTED],[REDACTED],[REDACTED],[REDACTED]
Fake,Patronson,[EMAIL REDACTED],5,[REDACTED],[REDACTED],[REDACTED],[REDACTED],[REDACTED],[REDACTED],[REDACTED],[REDACTED],[REDACTED],[REDACTED]
Fake,Patronson,[EMAIL REDACTED],5,[REDACTED],[REDACTED],[REDACTED],[REDACTED],[REDACTED],[REDACTED],[REDACTED],[REDACTED],[REDACTED],[REDACTED]
2 + Reward,Description Cary will say your name in every video you support!,,,[REDACTED],[REDACTED],[REDACTED],[REDACTED],[REDACTED],[REDACTED],[REDACTED],[REDACTED],[REDACTED],[REDACTED]
Fake,Patronson,[EMAIL REDACTED],3.5,[REDACTED],[REDACTED],[REDACTED],[REDACTED],[REDACTED],[REDACTED],[REDACTED],[REDACTED],[REDACTED],[REDACTED]
Fake,Patronson,[EMAIL REDACTED],3,[REDACTED],[REDACTED],[REDACTED],[REDACTED],[REDACTED],[REDACTED],[REDACTED],[REDACTED],[REDACTED],[REDACTED]
Fake,Patronson,[EMAIL REDACTED],3,[REDACTED],[REDACTED],[REDACTED],[REDACTED],[REDACTED],[REDACTED],[REDACTED],[REDACTED],[REDACTED],[REDACTED]
Fake,Patronson,[EMAIL REDACTED],2,[REDACTED],[REDACTED],[REDACTED],[REDACTED],[REDACTED],[REDACTED],[REDACTED],[REDACTED],[REDACTED],[REDACTED]
Fake,Patronson,[EMAIL REDACTED],2,[REDACTED],[REDACTED],[REDACTED],[REDACTED],[REDACTED],[REDACTED],[REDACTED],[REDACTED],[REDACTED],[REDACTED]
Fake,Patronson,[EMAIL REDACTED],2,[REDACTED],[REDACTED],[REDACTED],[REDACTED],[REDACTED],[REDACTED],[REDACTED],[REDACTED],[REDACTED],[REDACTED]
Fake,Patronson,[EMAIL REDACTED],2,[REDACTED],[REDACTED],[REDACTED],[REDACTED],[REDACTED],[REDACTED],[REDACTED],[REDACTED],[REDACTED],[REDACTED]
Fake,Patronson,[EMAIL REDACTED],2,[REDACTED],[REDACTED],[REDACTED],[REDACTED],[REDACTED],[REDACTED],[REDACTED],[REDACTED],[REDACTED],[REDACTED]
Fake,Patronson,[EMAIL REDACTED],2,[REDACTED],[REDACTED],[REDACTED],[REDACTED],[REDACTED],[REDACTED],[REDACTED],[REDACTED],[REDACTED],[REDACTED]
Fake,Patronson,[EMAIL REDACTED],2,[REDACTED],[REDACTED],[REDACTED],[REDACTED],[REDACTED],[REDACTED],[REDACTED],[REDACTED],[REDACTED],[REDACTED]
Fake,Patronson,[EMAIL REDACTED],2,[REDACTED],[REDACTED],[REDACTED],[REDACTED],[REDACTED],[REDACTED],[REDACTED],[REDACTED],[REDACTED],[REDACTED]
Fake,Patronson,[EMAIL REDACTED],2,[REDACTED],[REDACTED],[REDACTED],[REDACTED],[REDACTED],[REDACTED],[REDACTED],[REDACTED],[REDACTED],[REDACTED]
Fake,Patronson,[EMAIL REDACTED],2,[REDACTED],[REDACTED],[REDACTED],[REDACTED],[REDACTED],[REDACTED],[REDACTED],[REDACTED],[REDACTED],[REDACTED]
Fake,Patronson,[EMAIL REDACTED],2,[REDACTED],[REDACTED],[REDACTED],[REDACTED],[REDACTED],[REDACTED],[REDACTED],[REDACTED],[REDACTED],[REDACTED]
1 + Reward,Description Computery will say your name in every videoÂ you support!,,,[REDACTED],[REDACTED],[REDACTED],[REDACTED],[REDACTED],[REDACTED],[REDACTED],[REDACTED],[REDACTED],[REDACTED]
Fake,Patronson,[EMAIL REDACTED],10,[REDACTED],[REDACTED],[REDACTED],[REDACTED],[REDACTED],[REDACTED],[REDACTED],[REDACTED],[REDACTED],[REDACTED]
Fake,Patronson,[EMAIL REDACTED],5,[REDACTED],[REDACTED],[REDACTED],[REDACTED],[REDACTED],[REDACTED],[REDACTED],[REDACTED],[REDACTED],[REDACTED]
Fake,Patronson,[EMAIL REDACTED],3.14,[REDACTED],[REDACTED],[REDACTED],[REDACTED],[REDACTED],[REDACTED],[REDACTED],[REDACTED],[REDACTED],[REDACTED]
Fake,Patronson,[EMAIL REDACTED],1.5,[REDACTED],[REDACTED],[REDACTED],[REDACTED],[REDACTED],[REDACTED],[REDACTED],[REDACTED],[REDACTED],[REDACTED]
Fake,Patronson,[EMAIL REDACTED],1.25,[REDACTED],[REDACTED],[REDACTED],[REDACTED],[REDACTED],[REDACTED],[REDACTED],[REDACTED],[REDACTED],[REDACTED]
Fake,Patronson,[EMAIL REDACTED],1,[REDACTED],[REDACTED],[REDACTED],[REDACTED],[REDACTED],[REDACTED],[REDACTED],[REDACTED],[REDACTED],[REDACTED]
Fake,Patronson,[EMAIL REDACTED],1,[REDACTED],[REDACTED],[REDACTED],[REDACTED],[REDACTED],[REDACTED],[REDACTED],[REDACTED],[REDACTED],[REDACTED]
Fake,Patronson,[EMAIL REDACTED],1,[REDACTED],[REDACTED],[REDACTED],[REDACTED],[REDACTED],[REDACTED],[REDACTED],[REDACTED],[REDACTED],[REDACTED]
Fake,Patronson,[EMAIL REDACTED],1,[REDACTED],[REDACTED],[REDACTED],[REDACTED],[REDACTED],[REDACTED],[REDACTED],[REDACTED],[REDACTED],[REDACTED]
Fake,Patronson,[EMAIL REDACTED],1,[REDACTED],[REDACTED],[REDACTED],[REDACTED],[REDACTED],[REDACTED],[REDACTED],[REDACTED],[REDACTED],[REDACTED]
Fake,Patronson,[EMAIL REDACTED],1,[REDACTED],[REDACTED],[REDACTED],[REDACTED],[REDACTED],[REDACTED],[REDACTED],[REDACTED],[REDACTED],[REDACTED]
Fake,Patronson,[EMAIL REDACTED],1,[REDACTED],[REDACTED],[REDACTED],[REDACTED],[REDACTED],[REDACTED],[REDACTED],[REDACTED],[REDACTED],[REDACTED]
Fake,Patronson,[EMAIL REDACTED],1,[REDACTED],[REDACTED],[REDACTED],[REDACTED],[REDACTED],[REDACTED],[REDACTED],[REDACTED],[REDACTED],[REDACTED]
Fake,Patronson,[EMAIL REDACTED],1,[REDACTED],[REDACTED],[REDACTED],[REDACTED],[REDACTED],[REDACTED],[REDACTED],[REDACTED],[REDACTED],[REDACTED]
Fake,Patronson,[EMAIL REDACTED],1,[REDACTED],[REDACTED],[REDACTED],[REDACTED],[REDACTED],[REDACTED],[REDACTED],[REDACTED],[REDACTED],[REDACTED]
Fake,Patronson,[EMAIL REDACTED],1,[REDACTED],[REDACTED],[REDACTED],[REDACTED],[REDACTED],[REDACTED],[REDACTED],[REDACTED],[REDACTED],[REDACTED]
Fake,Patronson,[EMAIL REDACTED],1,[REDACTED],[REDACTED],[REDACTED],[REDACTED],[REDACTED],[REDACTED],[REDACTED],[REDACTED],[REDACTED],[REDACTED]
Fake,Patronson,[EMAIL REDACTED],1,[REDACTED],[REDACTED],[REDACTED],[REDACTED],[REDACTED],[REDACTED],[REDACTED],[REDACTED],[REDACTED],[REDACTED]
Fake,Patronson,[EMAIL REDACTED],1,[REDACTED],[REDACTED],[REDACTED],[REDACTED],[REDACTED],[REDACTED],[REDACTED],[REDACTED],[REDACTED],[REDACTED]
Fake,Patronson,[EMAIL REDACTED],1,[REDACTED],[REDACTED],[REDACTED],[REDACTED],[REDACTED],[REDACTED],[REDACTED],[REDACTED],[REDACTED],[REDACTED]
Fake,Patronson,[EMAIL REDACTED],1,[REDACTED],[REDACTED],[REDACTED],[REDACTED],[REDACTED],[REDACTED],[REDACTED],[REDACTED],[REDACTED],[REDACTED]
Fake,Patronson,[EMAIL REDACTED],1,[REDACTED],[REDACTED],[REDACTED],[REDACTED],[REDACTED],[REDACTED],[REDACTED],[REDACTED],[REDACTED],[REDACTED]
Fake,Patronson,[EMAIL REDACTED],1,[REDACTED],[REDACTED],[REDACTED],[REDACTED],[REDACTED],[REDACTED],[REDACTED],[REDACTED],[REDACTED],[REDACTED]
Fake,Patronson,[EMAIL REDACTED],1,[REDACTED],[REDACTED],[REDACTED],[REDACTED],[REDACTED],[REDACTED],[REDACTED],[REDACTED],[REDACTED],[REDACTED]
Fake,Patronson,[EMAIL REDACTED],1,[REDACTED],[REDACTED],[REDACTED],[REDACTED],[REDACTED],[REDACTED],[REDACTED],[REDACTED],[REDACTED],[REDACTED]
Fake,Patronson,[EMAIL REDACTED],1,[REDACTED],[REDACTED],[REDACTED],[REDACTED],[REDACTED],[REDACTED],[REDACTED],[REDACTED],[REDACTED],[REDACTED]
Fake,Patronson,[EMAIL REDACTED],1,[REDACTED],[REDACTED],[REDACTED],[REDACTED],[REDACTED],[REDACTED],[REDACTED],[REDACTED],[REDACTED],[REDACTED]
Fake,Patronson,[EMAIL REDACTED],1,[REDACTED],[REDACTED],[REDACTED],[REDACTED],[REDACTED],[REDACTED],[REDACTED],[REDACTED],[REDACTED],[REDACTED]
Fake,Patronson,[EMAIL REDACTED],1,[REDACTED],[REDACTED],[REDACTED],[REDACTED],[REDACTED],[REDACTED],[REDACTED],[REDACTED],[REDACTED],[REDACTED]
No Reward,Description: (None for No Reward),,,[REDACTED],[REDACTED],[REDACTED],[REDACTED],[REDACTED],[REDACTED],[REDACTED],[REDACTED],[REDACTED],[REDACTED]
Fake,Patronson,[EMAIL REDACTED],15,[REDACTED],[REDACTED],[REDACTED],[REDACTED],[REDACTED],[REDACTED],[REDACTED],[REDACTED],[REDACTED],[REDACTED]
Fake,Patronson,[EMAIL REDACTED],3,[REDACTED],[REDACTED],[REDACTED],[REDACTED],[REDACTED],[REDACTED],[REDACTED],[REDACTED],[REDACTED],[REDACTED]
Fake,Patronson,[EMAIL REDACTED],2,[REDACTED],[REDACTED],[REDACTED],[REDACTED],[REDACTED],[REDACTED],[REDACTED],[REDACTED],[REDACTED],[REDACTED]
Fake,Patronson,[EMAIL REDACTED],2,[REDACTED],[REDACTED],[REDACTED],[REDACTED],[REDACTED],[REDACTED],[REDACTED],[REDACTED],[REDACTED],[REDACTED]
Fake,Patronson,[EMAIL REDACTED],2,[REDACTED],[REDACTED],[REDACTED],[REDACTED],[REDACTED],[REDACTED],[REDACTED],[REDACTED],[REDACTED],[REDACTED]
Fake,Patronson,[EMAIL REDACTED],1,[REDACTED],[REDACTED],[REDACTED],[REDACTED],[REDACTED],[REDACTED],[REDACTED],[REDACTED],[REDACTED],[REDACTED]
Fake,Patronson,[EMAIL REDACTED],1,[REDACTED],[REDACTED],[REDACTED],[REDACTED],[REDACTED],[REDACTED],[REDACTED],[REDACTED],[REDACTED],[REDACTED]
Fake,Patronson,[EMAIL REDACTED],1,[REDACTED],[REDACTED],[REDACTED],[REDACTED],[REDACTED],[REDACTED],[REDACTED],[REDACTED],[REDACTED],[REDACTED]
Fake,Patronson,[EMAIL REDACTED],1,[REDACTED],[REDACTED],[REDACTED],[REDACTED],[REDACTED],[REDACTED],[REDACTED],[REDACTED],[REDACTED],[REDACTED]
Fake,Patronson,[EMAIL REDACTED],1,[REDACTED],[REDACTED],[REDACTED],[REDACTED],[REDACTED],[REDACTED],[REDACTED],[REDACTED],[REDACTED],[REDACTED]
Fake,Patronson,[EMAIL REDACTED],1,[REDACTED],[REDACTED],[REDACTED],[REDACTED],[REDACTED],[REDACTED],[REDACTED],[REDACTED],[REDACTED],[REDACTED]
Fake,Patronson,[EMAIL REDACTED],1,[REDACTED],[REDACTED],[REDACTED],[REDACTED],[REDACTED],[REDACTED],[REDACTED],[REDACTED],[REDACTED],[REDACTED]
Fake,Patronson,[EMAIL REDACTED],1,[REDACTED],[REDACTED],[REDACTED],[REDACTED],[REDACTED],[REDACTED],[REDACTED],[REDACTED],[REDACTED],[REDACTED]
Fake,Patronson,[EMAIL REDACTED],1,[REDACTED],[REDACTED],[REDACTED],[REDACTED],[REDACTED],[REDACTED],[REDACTED],[REDACTED],[REDACTED],[REDACTED]
Fake,Patronson,[EMAIL REDACTED],1,[REDACTED],[REDACTED],[REDACTED],[REDACTED],[REDACTED],[REDACTED],[REDACTED],[REDACTED],[REDACTED],[REDACTED]
Fake,Patronson,[EMAIL REDACTED],1,[REDACTED],[REDACTED],[REDACTED],[REDACTED],[REDACTED],[REDACTED],[REDACTED],[REDACTED],[REDACTED],[REDACTED]
Fake,Patronson,[EMAIL REDACTED],1,[REDACTED],[REDACTED],[REDACTED],[REDACTED],[REDACTED],[REDACTED],[REDACTED],[REDACTED],[REDACTED],[REDACTED]
Fake,Patronson,[EMAIL REDACTED],1,[REDACTED],[REDACTED],[REDACTED],[REDACTED],[REDACTED],[REDACTED],[REDACTED],[REDACTED],[REDACTED],[REDACTED]
Fake,Patronson,[EMAIL REDACTED],1,[REDACTED],[REDACTED],[REDACTED],[REDACTED],[REDACTED],[REDACTED],[REDACTED],[REDACTED],[REDACTED],[REDACTED]
Fake,Patronson,[EMAIL REDACTED],1,[REDACTED],[REDACTED],[REDACTED],[REDACTED],[REDACTED],[REDACTED],[REDACTED],[REDACTED],[REDACTED],[REDACTED]
Fake,Patronson,[EMAIL REDACTED],1,[REDACTED],[REDACTED],[REDACTED],[REDACTED],[REDACTED],[REDACTED],[REDACTED],[REDACTED],[REDACTED],[REDACTED]
Fake,Patronson,[EMAIL REDACTED],1,[REDACTED],[REDACTED],[REDACTED],[REDACTED],[REDACTED],[REDACTED],[REDACTED],[REDACTED],[REDACTED],[REDACTED]
Fake,Patronson,[EMAIL REDACTED],1,[REDACTED],[REDACTED],[REDACTED],[REDACTED],[REDACTED],[REDACTED],[REDACTED],[REDACTED],[REDACTED],[REDACTED]